{"cameraMode":{"drawMode":0,"name":"Shaded","section":"Shading Mode"},"sceneLighting":true,"audioPlay":false,"sceneViewState":{"showFog":true,"showMaterialUpdate":true,"showSkybox":true,"showFlares":true,"showImageEffects":true,"showParticleSystems":true},"in2DMode":false,"pivot":{"x":36.76210403442383,"y":-6.9642486572265629,"z":-28.873676300048829},"rotation":{"x":0.0485655777156353,"y":0.911935031414032,"z":-0.10991628468036652,"w":0.39330416917800906},"size":25.390270233154298,"orthographic":false}