{"cameraMode":{"drawMode":2,"name":"Shaded Wireframe","section":"Shading Mode"},"sceneLighting":false,"audioPlay":false,"sceneViewState":{"showFog":true,"showMaterialUpdate":false,"showSkybox":false,"showFlares":true,"showImageEffects":true,"showParticleSystems":true},"in2DMode":false,"pivot":{"x":135.1927032470703,"y":75.04322814941406,"z":-4.791757583618164},"rotation":{"x":-0.11086728423833847,"y":0.07604187726974487,"z":-0.008623555302619934,"w":-0.9911637902259827},"size":135.07101440429688,"orthographic":false}