{"cameraMode":{"drawMode":0,"name":"Shaded","section":"Shading Mode"},"sceneLighting":false,"audioPlay":false,"sceneViewState":{"showFog":true,"showMaterialUpdate":false,"showSkybox":true,"showFlares":true,"showImageEffects":true,"showParticleSystems":true},"in2DMode":false,"pivot":{"x":4.432467460632324,"y":3.548609972000122,"z":2.134766101837158},"rotation":{"x":-0.19967514276504517,"y":-0.7993501424789429,"z":0.4286656677722931,"w":-0.3715105354785919},"size":3.6209707260131838,"orthographic":false}