{"cameraMode":{"drawMode":2,"name":"Shaded Wireframe","section":"Shading Mode"},"sceneLighting":false,"audioPlay":false,"sceneViewState":{"showFog":true,"showMaterialUpdate":false,"showSkybox":false,"showFlares":true,"showImageEffects":true,"showParticleSystems":true},"in2DMode":false,"pivot":{"x":193.16131591796876,"y":0.9205319881439209,"z":155.15481567382813},"rotation":{"x":0.13076865673065186,"y":-0.851535975933075,"z":0.2525067627429962,"w":0.44069454073905947},"size":-1.8365750312805176,"orthographic":false}