{"cameraMode":{"drawMode":2,"name":"Shaded Wireframe","section":"Shading Mode"},"sceneLighting":false,"audioPlay":false,"sceneViewState":{"showFog":true,"showMaterialUpdate":false,"showSkybox":false,"showFlares":true,"showImageEffects":true,"showParticleSystems":true},"in2DMode":false,"pivot":{"x":132.60000610351563,"y":8.409748077392579,"z":128.6999969482422},"rotation":{"x":0.2522178590297699,"y":-0.27650144696235659,"z":0.07545328885316849,"w":0.9242655634880066},"size":46.421932220458987,"orthographic":false}