{"cameraMode":{"drawMode":0,"name":"Shaded","section":"Shading Mode"},"sceneLighting":false,"audioPlay":false,"sceneViewState":{"showFog":true,"showMaterialUpdate":false,"showSkybox":false,"showFlares":true,"showImageEffects":true,"showParticleSystems":true},"in2DMode":false,"pivot":{"x":-7.183652877807617,"y":-10.296160697937012,"z":3.5245442390441896},"rotation":{"x":-0.014253415167331696,"y":0.7414262294769287,"z":-0.015975531190633775,"w":-0.671089231967926},"size":51.271297454833987,"orthographic":false}