{"cameraMode":{"drawMode":2,"name":"Shaded Wireframe","section":"Shading Mode"},"sceneLighting":true,"audioPlay":false,"sceneViewState":{"showFog":true,"showMaterialUpdate":false,"showSkybox":true,"showFlares":true,"showImageEffects":true,"showParticleSystems":true},"in2DMode":false,"pivot":{"x":231.16073608398438,"y":-1.7711296081542969,"z":150.53627014160157},"rotation":{"x":0.07456040382385254,"y":0.9138240814208984,"z":-0.19562043249607087,"w":0.34811869263648989},"size":77.7479476928711,"orthographic":false}