{"cameraMode":{"drawMode":0,"name":"Shaded","section":"Shading Mode"},"sceneLighting":false,"audioPlay":false,"sceneViewState":{"showFog":true,"showMaterialUpdate":false,"showSkybox":true,"showFlares":true,"showImageEffects":true,"showParticleSystems":true},"in2DMode":false,"pivot":{"x":91.3405990600586,"y":46.79940414428711,"z":200.9217071533203},"rotation":{"x":0.0008783708908595145,"y":-0.39301082491874697,"z":-0.0007366379722952843,"w":-0.9197880625724793},"size":0.7166908979415894,"orthographic":false}