{"cameraMode":{"drawMode":2,"name":"Shaded Wireframe","section":"Shading Mode"},"sceneLighting":false,"audioPlay":false,"sceneViewState":{"showFog":true,"showMaterialUpdate":false,"showSkybox":false,"showFlares":true,"showImageEffects":true,"showParticleSystems":true},"in2DMode":false,"pivot":{"x":103.4312744140625,"y":-348.75006103515627,"z":0.0},"rotation":{"x":-0.10374300181865692,"y":-0.00440658675506711,"z":0.00034263983252458274,"w":-0.9948728680610657},"size":193.27056884765626,"orthographic":false}