{"cameraMode":{"drawMode":0,"name":"Shaded","section":"Shading Mode"},"sceneLighting":true,"audioPlay":false,"sceneViewState":{"showFog":true,"showMaterialUpdate":true,"showSkybox":true,"showFlares":true,"showImageEffects":true,"showParticleSystems":true},"in2DMode":false,"pivot":{"x":83.46277618408203,"y":26.47615623474121,"z":176.0952911376953},"rotation":{"x":0.10070055723190308,"y":-0.20972928404808045,"z":-0.026180122047662736,"w":-0.9727810025215149},"size":17.74519157409668,"orthographic":false}