{"cameraMode":{"drawMode":2,"name":"Shaded Wireframe","section":"Shading Mode"},"sceneLighting":false,"audioPlay":false,"sceneViewState":{"showFog":true,"showMaterialUpdate":false,"showSkybox":false,"showFlares":true,"showImageEffects":true,"showParticleSystems":true},"in2DMode":false,"pivot":{"x":193.16131591796876,"y":0.9205319881439209,"z":155.15481567382813},"rotation":{"x":0.14938537776470185,"y":-0.7992734909057617,"z":0.538405179977417,"w":0.22169572114944459},"size":0.5634249448776245,"orthographic":false}