{"cameraMode":{"drawMode":0,"name":"Shaded","section":"Shading Mode"},"sceneLighting":false,"audioPlay":false,"sceneViewState":{"showFog":true,"showMaterialUpdate":false,"showSkybox":false,"showFlares":true,"showImageEffects":true,"showParticleSystems":true},"in2DMode":false,"pivot":{"x":-0.059999942779541019,"y":6.89444637298584,"z":18.489999771118165},"rotation":{"x":-0.2334749698638916,"y":-0.5968570709228516,"z":0.1865442544221878,"w":-0.744953989982605},"size":3.611457347869873,"orthographic":false}