{"cameraMode":{"drawMode":0,"name":"Shaded","section":"Shading Mode"},"sceneLighting":true,"audioPlay":false,"sceneViewState":{"showFog":true,"showMaterialUpdate":true,"showSkybox":true,"showFlares":true,"showImageEffects":true,"showParticleSystems":true},"in2DMode":false,"pivot":{"x":-97.75748443603516,"y":11.693551063537598,"z":-76.29177856445313},"rotation":{"x":0.1905243694782257,"y":0.7823954820632935,"z":-0.285144567489624,"w":0.5205665826797485},"size":0.8660253882408142,"orthographic":false}