{"cameraMode":{"drawMode":0,"name":"Shaded","section":"Shading Mode"},"sceneLighting":true,"audioPlay":false,"sceneViewState":{"showFog":true,"showMaterialUpdate":false,"showSkybox":true,"showFlares":true,"showImageEffects":true,"showParticleSystems":true},"in2DMode":false,"pivot":{"x":199.37515258789063,"y":11.280587196350098,"z":92.03949737548828},"rotation":{"x":-0.20399117469787599,"y":-0.7440887093544006,"z":0.2637180984020233,"w":-0.5789949297904968},"size":1.7782385349273682,"orthographic":false}