{"cameraMode":{"drawMode":0,"name":"Shaded","section":"Shading Mode"},"sceneLighting":true,"audioPlay":false,"sceneViewState":{"showFog":true,"showMaterialUpdate":true,"showSkybox":true,"showFlares":true,"showImageEffects":true,"showParticleSystems":true},"in2DMode":false,"pivot":{"x":743.5592041015625,"y":440.19293212890627,"z":-55.487430572509769},"rotation":{"x":-0.020579006522893907,"y":-0.5004130005836487,"z":0.010188140906393528,"w":-0.8659269213676453},"size":699.4777221679688,"orthographic":false}