{"cameraMode":{"drawMode":2,"name":"Shaded Wireframe","section":"Shading Mode"},"sceneLighting":false,"audioPlay":false,"sceneViewState":{"showFog":true,"showMaterialUpdate":false,"showSkybox":false,"showFlares":true,"showImageEffects":true,"showParticleSystems":true},"in2DMode":false,"pivot":{"x":-108.6741714477539,"y":-1.6655594110488892,"z":11.167998313903809},"rotation":{"x":-0.5038610696792603,"y":0.1306128352880478,"z":-0.07751556485891342,"w":-0.850406289100647},"size":1.194807529449463,"orthographic":false}