{"cameraMode":{"drawMode":0,"name":"Shaded","section":"Shading Mode"},"sceneLighting":true,"audioPlay":false,"sceneViewState":{"showFog":true,"showMaterialUpdate":false,"showSkybox":true,"showFlares":true,"showImageEffects":true,"showParticleSystems":true},"in2DMode":false,"pivot":{"x":71.54151916503906,"y":51.61872100830078,"z":209.03953552246095},"rotation":{"x":-0.05264100059866905,"y":-0.5842477679252625,"z":0.03790115937590599,"w":-0.809171199798584},"size":16.391599655151368,"orthographic":false}