{"cameraMode":{"drawMode":0,"name":"Shaded","section":"Shading Mode"},"sceneLighting":false,"audioPlay":false,"sceneViewState":{"showFog":true,"showMaterialUpdate":true,"showSkybox":true,"showFlares":true,"showImageEffects":true,"showParticleSystems":true},"in2DMode":false,"pivot":{"x":56.56640625,"y":53.17509460449219,"z":139.5074462890625},"rotation":{"x":0.023407096043229104,"y":-0.5637404918670654,"z":-0.018210643902420999,"w":-0.8259117007255554},"size":34.59236145019531,"orthographic":false}