{"cameraMode":{"drawMode":2,"name":"Shaded Wireframe","section":"Shading Mode"},"sceneLighting":false,"audioPlay":false,"sceneViewState":{"showFog":true,"showMaterialUpdate":false,"showSkybox":true,"showFlares":true,"showImageEffects":true,"showParticleSystems":true},"in2DMode":false,"pivot":{"x":63.45450973510742,"y":24.298511505126954,"z":247.38441467285157},"rotation":{"x":-0.2701021432876587,"y":0.5032311677932739,"z":-0.1694028377532959,"w":-0.8035290241241455},"size":22.775781631469728,"orthographic":false}