{"cameraMode":{"drawMode":0,"name":"Shaded","section":"Shading Mode"},"sceneLighting":false,"audioPlay":false,"sceneViewState":{"showFog":true,"showMaterialUpdate":false,"showSkybox":true,"showFlares":true,"showImageEffects":true,"showParticleSystems":true},"in2DMode":false,"pivot":{"x":22.934846878051759,"y":44.363441467285159,"z":122.835205078125},"rotation":{"x":-0.14863386750221253,"y":0.8339319825172424,"z":-0.45543041825294497,"w":-0.27518996596336367},"size":38.65571212768555,"orthographic":false}