{"cameraMode":{"drawMode":0,"name":"Shaded","section":"Shading Mode"},"sceneLighting":false,"audioPlay":false,"sceneViewState":{"showFog":true,"showMaterialUpdate":false,"showSkybox":false,"showFlares":true,"showImageEffects":true,"showParticleSystems":true},"in2DMode":false,"pivot":{"x":-0.2826056480407715,"y":-5.2835893630981449,"z":-0.35000085830688479},"rotation":{"x":-0.13365031778812409,"y":0.8452492952346802,"z":-0.2495177984237671,"w":-0.4538084864616394},"size":13.741772651672364,"orthographic":false}