{"cameraMode":{"drawMode":0,"name":"Shaded","section":"Shading Mode"},"sceneLighting":false,"audioPlay":false,"sceneViewState":{"showFog":true,"showMaterialUpdate":false,"showSkybox":true,"showFlares":true,"showImageEffects":true,"showParticleSystems":true},"in2DMode":false,"pivot":{"x":1647.4312744140625,"y":900.9909057617188,"z":0.0},"rotation":{"x":0.0005064152064733207,"y":-0.9978868961334229,"z":0.0678727924823761,"w":0.014745841734111309},"size":65.2947006225586,"orthographic":false}