{"cameraMode":{"drawMode":0,"name":"Shaded","section":"Shading Mode"},"sceneLighting":false,"audioPlay":false,"sceneViewState":{"showFog":true,"showMaterialUpdate":false,"showSkybox":true,"showFlares":true,"showImageEffects":true,"showParticleSystems":true},"in2DMode":false,"pivot":{"x":92.42212677001953,"y":45.17049789428711,"z":200.9149627685547},"rotation":{"x":-0.03975481167435646,"y":-0.7524060606956482,"z":0.04544532671570778,"w":-0.6562563180923462},"size":2.2166907787323,"orthographic":false}