{"cameraMode":{"drawMode":0,"name":"Shaded","section":"Shading Mode"},"sceneLighting":true,"audioPlay":false,"sceneViewState":{"showFog":true,"showMaterialUpdate":true,"showSkybox":true,"showFlares":true,"showImageEffects":true,"showParticleSystems":true},"in2DMode":false,"pivot":{"x":5.32342529296875,"y":6.472042560577393,"z":-48.428802490234378},"rotation":{"x":0.005783843342214823,"y":0.9999822974205017,"z":-0.02379240281879902,"w":0.02328898012638092},"size":18.759735107421876,"orthographic":false}