{"cameraMode":{"drawMode":0,"name":"Shaded","section":"Shading Mode"},"sceneLighting":true,"audioPlay":false,"sceneViewState":{"showFog":true,"showMaterialUpdate":false,"showSkybox":true,"showFlares":true,"showImageEffects":true,"showParticleSystems":true},"in2DMode":false,"pivot":{"x":162.99705505371095,"y":-0.2539450526237488,"z":119.98765563964844},"rotation":{"x":-0.14843370020389558,"y":-0.8312344551086426,"z":0.26806682348251345,"w":-0.46401360630989077},"size":13.341195106506348,"orthographic":false}