{"cameraMode":{"drawMode":2,"name":"Shaded Wireframe","section":"Shading Mode"},"sceneLighting":false,"audioPlay":false,"sceneViewState":{"showFog":true,"showMaterialUpdate":false,"showSkybox":false,"showFlares":true,"showImageEffects":true,"showParticleSystems":true},"in2DMode":false,"pivot":{"x":-106.27237701416016,"y":-1.4990073442459107,"z":10.393762588500977},"rotation":{"x":0.04209141805768013,"y":0.9191582798957825,"z":-0.10183481127023697,"w":0.37849733233451846},"size":3.662497043609619,"orthographic":false}