{"cameraMode":{"drawMode":2,"name":"Shaded Wireframe","section":"Shading Mode"},"sceneLighting":false,"audioPlay":false,"sceneViewState":{"showFog":true,"showMaterialUpdate":false,"showSkybox":false,"showFlares":true,"showImageEffects":true,"showParticleSystems":true},"in2DMode":false,"pivot":{"x":193.16131591796876,"y":0.9205319881439209,"z":155.15481567382813},"rotation":{"x":-0.16399356722831727,"y":0.8145821690559387,"z":-0.27655917406082156,"w":-0.4829637408256531},"size":0.5634249448776245,"orthographic":false}