{"cameraMode":{"drawMode":2,"name":"Shaded Wireframe","section":"Shading Mode"},"sceneLighting":true,"audioPlay":false,"sceneViewState":{"showFog":true,"showMaterialUpdate":false,"showSkybox":false,"showFlares":true,"showImageEffects":true,"showParticleSystems":true},"in2DMode":false,"pivot":{"x":203.6934051513672,"y":2.0499157905578615,"z":123.1513442993164},"rotation":{"x":0.2700115144252777,"y":0.6696282029151917,"z":-0.2874142825603485,"w":0.6295416951179504},"size":8.167890548706055,"orthographic":false}