{"cameraMode":{"drawMode":0,"name":"Shaded","section":"Shading Mode"},"sceneLighting":false,"audioPlay":false,"sceneViewState":{"showFog":true,"showMaterialUpdate":false,"showSkybox":false,"showFlares":true,"showImageEffects":true,"showParticleSystems":true},"in2DMode":false,"pivot":{"x":-304.46087646484377,"y":-8.0349760055542,"z":-233.02139282226563},"rotation":{"x":-0.18280619382858277,"y":0.8168016672134399,"z":-0.3741666078567505,"w":-0.3999047577381134},"size":3.9922361373901369,"orthographic":false}