{"cameraMode":{"drawMode":2,"name":"Shaded Wireframe","section":"Shading Mode"},"sceneLighting":true,"audioPlay":false,"sceneViewState":{"showFog":true,"showMaterialUpdate":false,"showSkybox":true,"showFlares":true,"showImageEffects":true,"showParticleSystems":true},"in2DMode":false,"pivot":{"x":233.59805297851563,"y":-9.636962890625,"z":165.0403594970703},"rotation":{"x":0.1570025384426117,"y":0.8026979565620422,"z":-0.2411837875843048,"w":0.5224380493164063},"size":43.26932144165039,"orthographic":false}