{"cameraMode":{"drawMode":0,"name":"Shaded","section":"Shading Mode"},"sceneLighting":true,"audioPlay":false,"sceneViewState":{"showFog":true,"showMaterialUpdate":true,"showSkybox":true,"showFlares":true,"showImageEffects":true,"showParticleSystems":true},"in2DMode":false,"pivot":{"x":44.88642501831055,"y":27.40611457824707,"z":113.3540267944336},"rotation":{"x":-0.11496344208717346,"y":-0.7638543248176575,"z":0.140407532453537,"w":-0.6199618577957153},"size":26.672943115234376,"orthographic":false}