{"cameraMode":{"drawMode":0,"name":"Shaded","section":"Shading Mode"},"sceneLighting":false,"audioPlay":false,"sceneViewState":{"showFog":true,"showMaterialUpdate":false,"showSkybox":true,"showFlares":true,"showImageEffects":true,"showParticleSystems":true},"in2DMode":false,"pivot":{"x":97.11198425292969,"y":15.847060203552246,"z":143.71038818359376},"rotation":{"x":-0.016264069825410844,"y":0.9829915761947632,"z":-0.12756702303886414,"w":-0.1336454153060913},"size":67.54259490966797,"orthographic":false}