{"cameraMode":{"drawMode":2,"name":"Shaded Wireframe","section":"Shading Mode"},"sceneLighting":false,"audioPlay":false,"sceneViewState":{"showFog":true,"showMaterialUpdate":false,"showSkybox":false,"showFlares":true,"showImageEffects":true,"showParticleSystems":true},"in2DMode":false,"pivot":{"x":-3.4128875732421877,"y":1.1899991035461426,"z":5.5881195068359379},"rotation":{"x":0.015881666913628579,"y":0.9775404334068298,"z":-0.19491326808929444,"w":0.0796629935503006},"size":2.92781925201416,"orthographic":false}