{"cameraMode":{"drawMode":0,"name":"Shaded","section":"Shading Mode"},"sceneLighting":false,"audioPlay":false,"sceneViewState":{"showFog":true,"showMaterialUpdate":false,"showSkybox":true,"showFlares":true,"showImageEffects":true,"showParticleSystems":true},"in2DMode":false,"pivot":{"x":3.0371155738830568,"y":-26.77745819091797,"z":-27.289766311645509},"rotation":{"x":0.011422327719628811,"y":0.9071967601776123,"z":-0.421394407749176,"w":0.017203081399202348},"size":25.117374420166017,"orthographic":false}