{"cameraMode":{"drawMode":2,"name":"Shaded Wireframe","section":"Shading Mode"},"sceneLighting":true,"audioPlay":false,"sceneViewState":{"showFog":true,"showMaterialUpdate":false,"showSkybox":true,"showFlares":true,"showImageEffects":true,"showParticleSystems":true},"in2DMode":false,"pivot":{"x":197.48484802246095,"y":26.789085388183595,"z":140.25059509277345},"rotation":{"x":-0.06532232463359833,"y":-0.03346545994281769,"z":0.002137532224878669,"w":-0.9973722696304321},"size":6.61179780960083,"orthographic":false}