{"cameraMode":{"drawMode":0,"name":"Shaded","section":"Shading Mode"},"sceneLighting":true,"audioPlay":false,"sceneViewState":{"showFog":true,"showMaterialUpdate":true,"showSkybox":true,"showFlares":true,"showImageEffects":true,"showParticleSystems":true},"in2DMode":false,"pivot":{"x":100.01839447021485,"y":13.381953239440918,"z":199.8797607421875},"rotation":{"x":-0.19278225302696229,"y":-0.8098875284194946,"z":0.3594854772090912,"w":-0.4228254556655884},"size":0.7166908979415894,"orthographic":false}