{"cameraMode":{"drawMode":0,"name":"Shaded","section":"Shading Mode"},"sceneLighting":true,"audioPlay":false,"sceneViewState":{"showFog":true,"showMaterialUpdate":true,"showSkybox":true,"showFlares":true,"showImageEffects":true,"showParticleSystems":true},"in2DMode":false,"pivot":{"x":56.25536346435547,"y":39.647987365722659,"z":124.99858093261719},"rotation":{"x":0.12224039435386658,"y":0.6666526198387146,"z":-0.10677102953195572,"w":0.7281071543693543},"size":10.0,"orthographic":false}