{"cameraMode":{"drawMode":0,"name":"Shaded","section":"Shading Mode"},"sceneLighting":true,"audioPlay":false,"sceneViewState":{"showFog":true,"showMaterialUpdate":true,"showSkybox":true,"showFlares":true,"showImageEffects":true,"showParticleSystems":true},"in2DMode":false,"pivot":{"x":-41.383548736572269,"y":15.821904182434082,"z":-74.72177124023438},"rotation":{"x":0.05533814802765846,"y":0.8196967840194702,"z":-0.07881137728691101,"w":0.5653197169303894},"size":11.907363891601563,"orthographic":false}