{"cameraMode":{"drawMode":2,"name":"Shaded Wireframe","section":"Shading Mode"},"sceneLighting":true,"audioPlay":false,"sceneViewState":{"showFog":true,"showMaterialUpdate":false,"showSkybox":false,"showFlares":true,"showImageEffects":true,"showParticleSystems":true},"in2DMode":false,"pivot":{"x":205.6030731201172,"y":-0.20303018391132356,"z":119.83624267578125},"rotation":{"x":0.15712355077266694,"y":0.8334091901779175,"z":-0.2998570501804352,"w":0.43710777163505556},"size":15.174315452575684,"orthographic":false}