{"cameraMode":{"drawMode":2,"name":"Shaded Wireframe","section":"Shading Mode"},"sceneLighting":false,"audioPlay":false,"sceneViewState":{"showFog":true,"showMaterialUpdate":false,"showSkybox":false,"showFlares":true,"showImageEffects":true,"showParticleSystems":true},"in2DMode":false,"pivot":{"x":-11.497322082519532,"y":-72.16265106201172,"z":144.40013122558595},"rotation":{"x":0.005589526612311602,"y":0.9709404706954956,"z":0.02241397835314274,"w":-0.23846253752708436},"size":47.825164794921878,"orthographic":false}