{"cameraMode":{"drawMode":2,"name":"Shaded Wireframe","section":"Shading Mode"},"sceneLighting":true,"audioPlay":false,"sceneViewState":{"showFog":true,"showMaterialUpdate":false,"showSkybox":false,"showFlares":true,"showImageEffects":true,"showParticleSystems":true},"in2DMode":false,"pivot":{"x":199.5677032470703,"y":6.917529582977295,"z":122.06517028808594},"rotation":{"x":-0.16399356722831727,"y":0.8145821690559387,"z":-0.27655917406082156,"w":-0.4829637408256531},"size":7.342690467834473,"orthographic":false}