{"cameraMode":{"drawMode":0,"name":"Shaded","section":"Shading Mode"},"sceneLighting":false,"audioPlay":false,"sceneViewState":{"showFog":true,"showMaterialUpdate":true,"showSkybox":false,"showFlares":true,"showImageEffects":true,"showParticleSystems":true},"in2DMode":false,"pivot":{"x":-15.846546173095704,"y":4.424152374267578,"z":-1.8528838157653809},"rotation":{"x":0.12334851175546646,"y":-0.3270694315433502,"z":-0.04793384298682213,"w":-0.9361482262611389},"size":4.207963943481445,"orthographic":false}