{"cameraMode":{"drawMode":0,"name":"Shaded","section":"Shading Mode"},"sceneLighting":false,"audioPlay":false,"sceneViewState":{"showFog":true,"showMaterialUpdate":false,"showSkybox":false,"showFlares":true,"showImageEffects":true,"showParticleSystems":true},"in2DMode":false,"pivot":{"x":472.24993896484377,"y":126.9107894897461,"z":161.9481201171875},"rotation":{"x":-0.12697359919548036,"y":-0.8723559379577637,"z":0.30786800384521487,"w":-0.3587263226509094},"size":16.38279151916504,"orthographic":false}