{"cameraMode":{"drawMode":0,"name":"Shaded","section":"Shading Mode"},"sceneLighting":false,"audioPlay":false,"sceneViewState":{"showFog":true,"showMaterialUpdate":false,"showSkybox":true,"showFlares":true,"showImageEffects":true,"showParticleSystems":true},"in2DMode":false,"pivot":{"x":88.81278991699219,"y":46.313472747802737,"z":199.82888793945313},"rotation":{"x":0.021248966455459596,"y":0.6579458117485046,"z":-0.017346249893307687,"w":0.753003716468811},"size":0.716690182685852,"orthographic":false}