{"cameraMode":{"drawMode":2,"name":"Shaded Wireframe","section":"Shading Mode"},"sceneLighting":false,"audioPlay":false,"sceneViewState":{"showFog":true,"showMaterialUpdate":false,"showSkybox":false,"showFlares":true,"showImageEffects":true,"showParticleSystems":true},"in2DMode":false,"pivot":{"x":-708.1250610351563,"y":159.12496948242188,"z":0.0},"rotation":{"x":-0.10374300181865692,"y":-0.00440658675506711,"z":0.00034263983252458274,"w":-0.9948728680610657},"size":230.31883239746095,"orthographic":false}