{"cameraMode":{"drawMode":2,"name":"Shaded Wireframe","section":"Shading Mode"},"sceneLighting":true,"audioPlay":false,"sceneViewState":{"showFog":true,"showMaterialUpdate":false,"showSkybox":false,"showFlares":true,"showImageEffects":true,"showParticleSystems":true},"in2DMode":false,"pivot":{"x":175.83258056640626,"y":4.311996936798096,"z":147.6741180419922},"rotation":{"x":-0.048864591866731647,"y":0.5228291153907776,"z":-0.029894812032580377,"w":-0.8506159782409668},"size":12.188158988952637,"orthographic":false}