{"cameraMode":{"drawMode":0,"name":"Shaded","section":"Shading Mode"},"sceneLighting":false,"audioPlay":false,"sceneViewState":{"showFog":true,"showMaterialUpdate":false,"showSkybox":true,"showFlares":true,"showImageEffects":true,"showParticleSystems":true},"in2DMode":false,"pivot":{"x":1037.5084228515625,"y":219.80075073242188,"z":89.125},"rotation":{"x":-0.08532894402742386,"y":0.1025816947221756,"z":-0.009178731590509415,"w":-0.9912686944007874},"size":1087.341064453125,"orthographic":false}