{"cameraMode":{"drawMode":0,"name":"Shaded","section":"Shading Mode"},"sceneLighting":false,"audioPlay":false,"sceneViewState":{"showFog":true,"showMaterialUpdate":false,"showSkybox":false,"showFlares":true,"showImageEffects":true,"showParticleSystems":true},"in2DMode":false,"pivot":{"x":107.98950958251953,"y":27.38299560546875,"z":243.66879272460938},"rotation":{"x":-0.28781354427337649,"y":0.6071003079414368,"z":-0.2512543201446533,"w":-0.6971458792686462},"size":28.036596298217775,"orthographic":false}