{"cameraMode":{"drawMode":2,"name":"Shaded Wireframe","section":"Shading Mode"},"sceneLighting":true,"audioPlay":false,"sceneViewState":{"showFog":true,"showMaterialUpdate":false,"showSkybox":true,"showFlares":true,"showImageEffects":true,"showParticleSystems":true},"in2DMode":false,"pivot":{"x":193.4921112060547,"y":0.42177271842956545,"z":122.393798828125},"rotation":{"x":0.2522178590297699,"y":-0.27650144696235659,"z":0.07545328885316849,"w":0.9242655634880066},"size":0.5711953639984131,"orthographic":false}